{
  "features": [
    "H_mm",
    "density_kgm3"
  ],
  "families": {
    "DoryNew": {
      "ls": [
        160.45947798665617,
        855.6350795587904
      ],
      "sf2": 8.627209623064028e-10,
      "noise": 0.9374864712192077,
      "X": [
        [
          -1.7003444735321513,
          -0.75
        ],
        [
          -1.7003444735321513,
          1.25
        ],
        [
          -1.0525941979008555,
          -0.75
        ],
        [
          -1.0525941979008555,
          1.25
        ],
        [
          -0.40484392226955984,
          -0.75
        ],
        [
          -0.40484392226955984,
          1.25
        ],
        [
          0.2429063533617359,
          -0.75
        ],
        [
          0.2429063533617359,
          1.25
        ],
        [
          0.8906566289930317,
          -0.75
        ],
        [
          0.8906566289930317,
          1.25
        ],
        [
          1.5384069046243274,
          -0.75
        ],
        [
          1.5384069046243274,
          1.25
        ],
        [
          0.2429063533617359,
          -0.75
        ],
        [
          0.2429063533617359,
          -0.75
        ],
        [
          0.2429063533617359,
          -0.75
        ],
        [
          0.2429063533617359,
          -0.75
        ]
      ],
      "y_centered": [
        0.7993667586146429,
        -1.1752132751891018,
        0.18759231712918956,
        0.11114448086340663,
        1.4498412290857672,
        1.130913208841314,
        0.2767875548889417,
        -2.0156031891678343,
        -0.2837677759099726,
        0.22581802538980567,
        -0.9332759904296436,
        -1.0096786155823054,
        -0.4493469847302916,
        -0.36019082567789196,
        0.32775933696910886,
        1.7178537449048643
      ],
      "ymean_gp": 1.5265566588595902e-16,
      "alpha": [
        0.8526701804824218,
        -1.253578916889379,
        0.2001013592067969,
        0.11855582376419127,
        1.5465196283847018,
        1.2063248308750683,
        0.2952443191301896,
        -2.1500077612283595,
        -0.3026899956656477,
        0.24087603642553768,
        -0.9955087556792094,
        -1.0770060652385527,
        -0.4793103671629259,
        -0.3842090917957716,
        0.3496150046227258,
        1.8324037707666552
      ],
      "L": [
        [
          0.9682388507398,
          0.0,
          0.0,
          0.0,
          0.0,
          0.0,
          0.0,
          0.0,
          0.0,
          0.0,
          0.0,
          0.0,
          0.0,
          0.0,
          0.0,
          0.0
        ],
        [
          8.910183730470896e-10,
          0.9682388507398,
          0.0,
          0.0,
          0.0,
          0.0,
          0.0,
          0.0,
          0.0,
          0.0,
          0.0,
          0.0,
          0.0,
          0.0,
          0.0,
          0.0
        ],
        [
          8.910135470908616e-10,
          8.9101111218139e-10,
          0.9682388507398,
          0.0,
          0.0,
          0.0,
          0.0,
          0.0,
          0.0,
          0.0,
          0.0,
          0.0,
          0.0,
          0.0,
          0.0,
          0.0
        ],
        [
          8.91011113001342e-10,
          8.910135462709118e-10,
          8.910183714071989e-10,
          0.9682388507398,
          0.0,
          0.0,
          0.0,
          0.0,
          0.0,
          0.0,
          0.0,
          0.0,
          0.0,
          0.0,
          0.0,
          0.0
        ],
        [
          8.909917672490488e-10,
          8.909893323990959e-10,
          8.91013545451011e-10,
          8.910111105415394e-10,
          0.9682388507398,
          0.0,
          0.0,
          0.0,
          0.0,
          0.0,
          0.0,
          0.0,
          0.0,
          0.0,
          0.0,
          0.0
        ],
        [
          8.909893332190279e-10,
          8.909917664291191e-10,
          8.910111113614914e-10,
          8.910135446310612e-10,
          8.910183697673883e-10,
          0.9682388507398,
          0.0,
          0.0,
          0.0,
          0.0,
          0.0,
          0.0,
          0.0,
          0.0,
          0.0,
          0.0
        ],
        [
          8.909554686957637e-10,
          8.909530339450052e-10,
          8.90991765609265e-10,
          8.909893307593119e-10,
          8.910135438112672e-10,
          8.910111089017955e-10,
          0.9682388507398,
          0.0,
          0.0,
          0.0,
          0.0,
          0.0,
          0.0,
          0.0,
          0.0,
          0.0
        ],
        [
          8.909530347649038e-10,
          8.909554678758673e-10,
          8.90989331579244e-10,
          8.909917647893352e-10,
          8.910111097217476e-10,
          8.910135429913174e-10,
          8.910183681277113e-10,
          0.9682388507398,
          0.0,
          0.0,
          0.0,
          0.0,
          0.0,
          0.0,
          0.0,
          0.0
        ],
        [
          8.909046532055092e-10,
          8.909022185936162e-10,
          8.909554670560734e-10,
          8.909530323053148e-10,
          8.909917639696147e-10,
          8.909893291196617e-10,
          8.910135421716838e-10,
          8.910111072622121e-10,
          0.9682388507398,
          0.0,
          0.0,
          0.0,
          0.0,
          0.0,
          0.0,
          0.0
        ],
        [
          8.909022194134681e-10,
          8.909046523856595e-10,
          8.909530331252134e-10,
          8.909554662361769e-10,
          8.909893299395936e-10,
          8.909917631496849e-10,
          8.910111080821642e-10,
          8.91013541351734e-10,
          8.910183664882214e-10,
          0.9682388507398,
          0.0,
          0.0,
          0.0,
          0.0,
          0.0,
          0.0
        ],
        [
          8.908393232623872e-10,
          8.90836888829024e-10,
          8.909046515659391e-10,
          8.909022169540461e-10,
          8.909554654165434e-10,
          8.909530306657848e-10,
          8.909917623301515e-10,
          8.909893274801985e-10,
          8.91013540532314e-10,
          8.910111056228425e-10,
          0.9682388507398,
          0.0,
          0.0,
          0.0,
          0.0,
          0.0
        ],
        [
          8.908368896488157e-10,
          8.908393224425976e-10,
          8.90902217773898e-10,
          8.909046507460894e-10,
          8.909530314856834e-10,
          8.90955464596647e-10,
          8.909893283001305e-10,
          8.909917615102217e-10,
          8.910111064427944e-10,
          8.910135397123643e-10,
          8.910183648489719e-10,
          0.9682388507398,
          0.0,
          0.0,
          0.0,
          0.0
        ],
        [
          8.909554686957637e-10,
          8.909530339450052e-10,
          8.90991765609265e-10,
          8.909893307593119e-10,
          8.910135438112672e-10,
          8.910111089017955e-10,
          8.910208022370641e-10,
          8.910183673077526e-10,
          8.910135405317796e-10,
          8.91011105622308e-10,
          8.909917590503967e-10,
          8.909893242004437e-10,
          0.9682388507398,
          0.0,
          0.0,
          0.0
        ],
        [
          8.909554686957637e-10,
          8.909530339450052e-10,
          8.90991765609265e-10,
          8.909893307593119e-10,
          8.910135438112672e-10,
          8.910111089017955e-10,
          8.910208022370641e-10,
          8.910183673077526e-10,
          8.910135405317796e-10,
          8.91011105622308e-10,
          8.909917590503967e-10,
          8.909893242004437e-10,
          8.910207973174455e-10,
          0.9682388507398,
          0.0,
          0.0
        ],
        [
          8.909554686957637e-10,
          8.909530339450052e-10,
          8.90991765609265e-10,
          8.909893307593119e-10,
          8.910135438112672e-10,
          8.910111089017955e-10,
