{
  "model": "phi_eff(lambda) = phi_inf*(1 - c/lambda) + zero-mean residual GP(1/lambda)",
  "method": "R&W GP with parametric mean function; mean=OLS on ALL correct deep-bed points (cylinder sweep + validated bottles + 110-count ref), zero-mean residual GP for local structure + uncertainty; hypers by log-marginal-likelihood, honest error by LOO-CV.",
  "families": {
    "EC": {
      "phi_inf": 0.608,
      "c": 0.3454,
      "gp": {
        "ls": [
          0.016866566576743004
        ],
        "sf2": 0.29889665891283795,
        "noise": 0.7010861213986636,
        "X": [
          [
            1.6723489883666651
          ],
          [
            1.2205596206166616
          ],
          [
            0.8440684808249916
          ],
          [
            -0.19128215360209935
          ],
          [
            -0.3434092796306166
          ],
          [
            -0.5302499559646439
          ],
          [
            -0.6329103783234128
          ],
          [
            -0.8124925342583539
          ],
          [
            -1.2266327880291907
          ]
        ],
        "alpha": [
          0.658606585739433,
          -0.639208532266163,
          -0.26386697482244903,
          0.10443940171560771,
          1.0317106646571501,
          -0.546593192560519,
          0.8115093765361483,
          -2.2194612470182498,
          1.0628639173044407
        ],
        "L": [
          [
            0.9999913901186858,
            0.0,
            0.0,
            0.0,
            0.0,
            0.0,
            0.0,
            0.0,
            0.0
          ],
          [
            4.715741429172137e-157,
            0.9999913901186858,
            0.0,
            0.0,
            0.0,
            0.0,
            0.0,
            0.0,
            0.0
          ],
          [
            0.0,
            1.9041841923980255e-109,
            0.9999913901186858,
            0.0,
            0.0,
            0.0,
            0.0,
            0.0,
            0.0
          ],
          [
            0.0,
            0.0,
            0.0,
            0.9999913901186858,
            0.0,
            0.0,
            0.0,
            0.0,
            0.0
          ],
          [
            0.0,
            0.0,
            0.0,
            6.4639704380759435e-19,
            0.9999913901186858,
            0.0,
            0.0,
            0.0,
            0.0
          ],
          [
            0.0,
            0.0,
            0.0,
            5.913434880668319e-89,
            6.742202774168443e-28,
            0.9999913901186858,
            0.0,
            0.0,
            0.0
          ],
          [
            0.0,
            0.0,
            0.0,
            4.008555824829033e-150,
            3.1756908603977394e-65,
            2.6969750333112833e-09,
            0.9999913901186858,
            0.0,
            0.0
          ],
          [
            0.0,
            0.0,
            0.0,
            8.17365238744151e-296,
            3.292167884009368e-169,
            4.672880826378126e-62,
            7.227164246180095e-26,
            0.9999913901186858,
            0.0
          ],
          [
            0.0,
            0.0,
            0.0,
            0.0,
            0.0,
            0.0,
            2.534807528821974e-270,
            3.618992043165264e-132,
            0.9999913901186858
          ]
        ],
        "xmean": 0.2653959237931622,
        "xstd": 0.08048803039508025,
        "ystd": 0.005422736384784267,
        "n": 9
      },
      "points": [
        [
          2.5,
          0.5276,
          "cyl-sweep:LAM_EC_d250"
        ],
        [
          2.75,
          0.5282,
          "cyl-sweep:LAM_EC_d275"
        ],
        [
          3.0,
          0.5366,
          "cyl-sweep:LAM_EC_d3"
        ],
        [
          4.0,
          0.5561,
          "cyl-sweep:LAM_EC_d4"
        ],
        [
          4.206,
          0.5637,
          "bottle:VB_EC_500"
        ],
        [
          4.49,
          0.5583,
          "110count-ref"
        ],
        [
          4.663,
          0.5674,
          "bottle:VB_EC_750"
        ],
        [
          5.0,
          0.554,
          "cyl-sweep:LAM_EC_d5"
        ],
        [
          6.0,
          0.5788,
          "cyl-sweep:LAM_EC_d6"
        ]
      ],
      "loo": {
        "R2": 0.8963,
        "RMSE": 0.00542,
        "MAE": 0.00442
      }
    },
    "DoryNew": {
      "phi_inf": 0.6194,
      "c": 0.4533,
      "gp": {
        "ls": [
          0.11815087962960678
        ],
        "sf2": 0.8195048517144671,
        "noise": 0.18717103893374742,
        "X": [
          [
            1.5203768830030333
          ],
          [
            1.084780647197148
          ],
          [
            0.7217837840255767
          ],
          [
            -0.20752532092261336
          ],
          [
            -0.27645758969624307
          ],
          [
            -0.6928570262594991
          ],
          [
            -0.8754024139293349
          ],
          [
            -1.2746989634180632
          ]
        ],
        "alpha": [
          1.3410867107178006,
          -1.6700087363778406,
          0.8410156760007781,
          0.7506770044117412,
          -1.8220183565278838,
          0.5188178716057447,
          0.01724724222322372,
          0.6330210353572931
        ],
        "L": [
          [
            1.0033323929028777,
            0.0,
            0.0,
            0.0,
            0.0,
            0.0,
            0.0,
            0.0
          ],
          [
            0.0009132022364120844,
            1.0033319773185194,
            0.0,
            0.0,
            0.0,
            0.0,
            0.0,
            0.0
          ],
          [
            9.809654637098846e-11,
            0.007284948868147892,
            1.0033059454464541,
            0.0,
            0.0,
            0.0,
            0.0,
            0.0
          ],
          [
            2.9462702059104656e-47,
            8.58587946025951e-27,
            3.007871472229784e-14,
            1.0033323929028777,
            0.0,
            0.0,
            0.0,
            0.0
          ],
          [
            4.895685336150279e-51,
            1.2259611573542981e-29,
            2.578756678922337e-16,
            0.6889582313000602,
            0.7293918330856929,
            0.0,
            0.0,
            0.0
          ],
          [
            5.195242336230324e-77,
            5.717402661561905e-50,
            6.061413296466169e-32,
            0.00017704661870602574,
            0.002089438582776364,
            1.003330201653034,
            0.0,
            0.0
          ],
          [
            4.246487960643982e-90,
            1.3913210814630183e-60,
            1.6994415530069864e-40,
            9.407635164271173e-08,
            2.8646309724621977e-06,
            0.24760465192007228,
            0.9723002761428896,
            0.0
          ],
          [
            2.435329446649962e-122,
            2.056417817783633e-87,
            8.114972145214672e-63,
            1.5729771172816447e-18,
            3.5323191673217217e-16,
            4.425796504728486e-06,
            0.0027890892591777364,
            1.0033285162945043
          ]
        ],
        "xmean": 0.27307871931694444,
        "xstd": 0.08348014370776405,
        "ystd": 0.011120436121477326,
        "n": 8
      },